Название;Пол;Цвет;Цена;Размер;Бренд;Иерархия
Брюки Briony Голубой 13300;ж;Голубой;13300;S;Briony;Деловая одежда,Брюки
Брюки Corneliani Синий 14500;м;Синий;14500;XXL;Corneliani;Деловая одежда,Брюки
Брюки Hugo Boss Серый 14200;м;Серый;14200;L;Hugo Boss;Деловая одежда,Брюки
Брюки Canali Серый 11400;ж;Серый;11400;M;Canali;Деловая одежда,Брюки
Брюки Briony Черный 13800;ж;Черный;13800;M;Briony;Деловая одежда,Брюки
Брюки Corneliani Белый 14800;м;Белый;14800;XXL;Corneliani;Деловая одежда,Брюки
Брюки Hugo Boss Розовый 14000;ж;Розовый;14000;S;Hugo Boss;Деловая одежда,Брюки
Брюки Canali Белый 11000;м;Белый;11000;M;Canali;Деловая одежда,Брюки
Рубашка с коротким рукавом Briony Красный 4300;м;Красный;4300;S;Briony;Деловая одежда,Рубашки,Рубашки с коротким рукавом
Рубашка с коротким рукавом Corneliani Розовый 2100;ж;Розовый;2100;S;Corneliani;Деловая одежда,Рубашки,Рубашки с коротким рукавом
Рубашка с коротким рукавом Hugo Boss Черный 5500;м;Черный;5500;M;Hugo Boss;Деловая одежда,Рубашки,Рубашки с коротким рукавом
Рубашка с коротким рукавом Canali Синий 2900;м;Синий;2900;L;Canali;Деловая одежда,Рубашки,Рубашки с коротким рукавом
Рубашка с коротким рукавом Briony Синий 3800;м;Синий;3800;XXL;Briony;Деловая одежда,Рубашки,Рубашки с коротким рукавом
Рубашка с коротким рукавом Corneliani Черный 2200;ж;Черный;2200;S;Corneliani;Деловая одежда,Рубашки,Рубашки с коротким рукавом
Рубашка с коротким рукавом Hugo Boss Красный 5100;ж;Красный;5100;XXL;Hugo Boss;Деловая одежда,Рубашки,Рубашки с коротким рукавом
Рубашка с коротким рукавом Canali Серый 3900;м;Серый;3900;XL;Canali;Деловая одежда,Рубашки,Рубашки с коротким рукавом
Рубашка с длинным рукавом Briony Серый 5800;ж;Серый;5800;S;Briony;Деловая одежда,Рубашки,Рубашки с длинным рукавом
Рубашка с длинным рукавом Corneliani Черный 2600;м;Черный;2600;M;Corneliani;Деловая одежда,Рубашки,Рубашки с длинным рукавом
Рубашка с длинным рукавом Hugo Boss Черный 2300;ж;Черный;2300;S;Hugo Boss;Деловая одежда,Рубашки,Рубашки с длинным рукавом
Рубашка с длинным рукавом Canali Розовый 3200;м;Розовый;3200;L;Canali;Деловая одежда,Рубашки,Рубашки с длинным рукавом
Рубашка с длинным рукавом Briony Красный 2300;ж;Красный;2300;XL;Briony;Деловая одежда,Рубашки,Рубашки с длинным рукавом
Рубашка с длинным рукавом Corneliani Красный 2400;ж;Красный;2400;L;Corneliani;Деловая одежда,Рубашки,Рубашки с длинным рукавом
Рубашка с длинным рукавом Hugo Boss Синий 4900;ж;Синий;4900;S;Hugo Boss;Деловая одежда,Рубашки,Рубашки с длинным рукавом
Рубашка с длинным рукавом Canali Красный 5500;м;Красный;5500;XXL;Canali;Деловая одежда,Рубашки,Рубашки с длинным рукавом
Спортивная футболка Nike Черный 3100;м;Черный;3100;XXL;Nike;Спортивная одежда,Спортивные футболки
Спортивная футболка Adidas Красный 2000;ж;Красный;2000;XL;Adidas;Спортивная одежда,Спортивные футболки
Спортивная футболка Puma Синий 3200;м;Синий;3200;L;Puma;Спортивная одежда,Спортивные футболки
Спортивная футболка Reebok Красный 3400;ж;Красный;3400;S;Reebok;Спортивная одежда,Спортивные футболки
Спортивная футболка Nike Розовый 2000;м;Розовый;2000;XL;Nike;Спортивная одежда,Спортивные футболки
Спортивная футболка Adidas Серый 1700;м;Серый;1700;XXL;Adidas;Спортивная одежда,Спортивные футболки
Спортивная футболка Puma Черный 3600;ж;Черный;3600;S;Puma;Спортивная одежда,Спортивные футболки
Спортивная футболка Reebok Голубой 3800;м;Голубой;3800;M;Reebok;Спортивная одежда,Спортивные футболки
Спортивные шорты Nike Голубой 3700;м;Голубой;3700;M;Nike;Спортивная одежда,Спортивные шорты
Спортивные шорты Adidas Голубой 4600;ж;Голубой;4600;M;Adidas;Спортивная одежда,Спортивные шорты
Спортивные шорты Puma Черный 3400;м;Черный;3400;XL;Puma;Спортивная одежда,Спортивные шорты
Спортивные шорты Reebok Синий 4500;м;Синий;4500;L;Reebok;Спортивная одежда,Спортивные шорты
Спортивные шорты Nike Розовый 3900;ж;Розовый;3900;XXL;Nike;Спортивная одежда,Спортивные шорты
Спортивные шорты Adidas Черный 4400;ж;Черный;4400;M;Adidas;Спортивная одежда,Спортивные шорты
Спортивные шорты Puma Синий 4400;ж;Синий;4400;XXL;Puma;Спортивная одежда,Спортивные шорты
Спортивные шорты Reebok Черный 4300;ж;Черный;4300;XXL;Reebok;Спортивная одежда,Спортивные шорты
Спортивные брюки Nike Синий 6300;м;Синий;6300;M;Nike;Спортивная одежда,Спортивные брюки,Спортивные классические брюки
Спортивные брюки Adidas Серый 7600;ж;Серый;7600;XL;Adidas;Спортивная одежда,Спортивные брюки,Спортивные классические брюки
Спортивные брюки Puma Серый 5000;ж;Серый;5000;M;Puma;Спортивная одежда,Спортивные брюки,Спортивные классические брюки
Спортивные брюки Reebok Розовый 4700;ж;Розовый;4700;S;Reebok;Спортивная одежда,Спортивные брюки,Спортивные классические брюки
Спортивные брюки Nike Голубой 7500;ж;Голубой;7500;XL;Nike;Спортивная одежда,Спортивные брюки,Спортивные классические брюки
Спортивные брюки Adidas Голубой 5800;ж;Голубой;5800;XXL;Adidas;Спортивная одежда,Спортивные брюки,Спортивные классические брюки
Спортивные брюки Puma Серый 7100;м;Серый;7100;S;Puma;Спортивная одежда,Спортивные брюки,Спортивные классические брюки
Спортивные брюки Reebok Красный 4800;ж;Красный;4800;XL;Reebok;Спортивная одежда,Спортивные брюки,Спортивные классические брюки
Джоггеры Nike Серый 5000;ж;Серый;5000;L;Nike;Спортивная одежда,Спортивные брюки,Джоггеры
Джоггеры Adidas Красный 5200;м;Красный;5200;XXL;Adidas;Спортивная одежда,Спортивные брюки,Джоггеры
Джоггеры Puma Черный 4900;м;Черный;4900;L;Puma;Спортивная одежда,Спортивные брюки,Джоггеры
Джоггеры Reebok Серый 5600;ж;Серый;5600;XXL;Reebok;Спортивная одежда,Спортивные брюки,Джоггеры
Джоггеры Nike Голубой 3900;ж;Голубой;3900;L;Nike;Спортивная одежда,Спортивные брюки,Джоггеры
Джоггеры Adidas Белый 6600;ж;Белый;6600;S;Adidas;Спортивная одежда,Спортивные брюки,Джоггеры
Джоггеры Puma Красный 7800;м;Красный;7800;L;Puma;Спортивная одежда,Спортивные брюки,Джоггеры
Джоггеры Reebok Синий 4300;м;Синий;4300;L;Reebok;Спортивная одежда,Спортивные брюки,Джоггеры
Тайцы Nike Черный 3800;м;Черный;3800;XXL;Nike;Спортивная одежда,Спортивные брюки,Тайцы
Тайцы Adidas Синий 5600;м;Синий;5600;L;Adidas;Спортивная одежда,Спортивные брюки,Тайцы
Тайцы Puma Серый 4900;м;Серый;4900;S;Puma;Спортивная одежда,Спортивные брюки,Тайцы
Тайцы Reebok Синий 4700;м;Синий;4700;XL;Reebok;Спортивная одежда,Спортивные брюки,Тайцы
Тайцы Nike Синий 4800;м;Синий;4800;M;Nike;Спортивная одежда,Спортивные брюки,Тайцы
Тайцы Adidas Голубой 4400;м;Голубой;4400;M;Adidas;Спортивная одежда,Спортивные брюки,Тайцы
Тайцы Puma Розовый 5400;м;Розовый;5400;XL;Puma;Спортивная одежда,Спортивные брюки,Тайцы
Тайцы Reebok Красный 4700;м;Красный;4700;XXL;Reebok;Спортивная одежда,Спортивные брюки,Тайцы
Спортивная толстовка Nike Черный 5200;ж;Черный;5200;S;Nike;Спортивная одежда,Спортивные толстовки
Спортивная толстовка Adidas Серый 6000;м;Серый;6000;M;Adidas;Спортивная одежда,Спортивные толстовки
Спортивная толстовка Puma Серый 4300;ж;Серый;4300;XL;Puma;Спортивная одежда,Спортивные толстовки
Спортивная толстовка Reebok Красный 4100;ж;Красный;4100;M;Reebok;Спортивная одежда,Спортивные толстовки
Спортивная толстовка Nike Серый 4300;м;Серый;4300;XL;Nike;Спортивная одежда,Спортивные толстовки
Спортивная толстовка Adidas Черный 5400;м;Черный;5400;L;Adidas;Спортивная одежда,Спортивные толстовки
Спортивная толстовка Puma Синий 5200;м;Синий;5200;L;Puma;Спортивная одежда,Спортивные толстовки
Спортивная толстовка Reebok Розовый 5800;м;Розовый;5800;XL;Reebok;Спортивная одежда,Спортивные толстовки
Свитшот H&M Голубой 1000;м;Голубой;1000;M;H&M;Повседневная одежда,Свитеры и кофты,Свитшоты
Свитшот Zara Серый 1000;ж;Серый;1000;XL;Zara;Повседневная одежда,Свитеры и кофты,Свитшоты
Свитшот Levi's Красный 1400;ж;Красный;1400;L;Levi's;Повседневная одежда,Свитеры и кофты,Свитшоты
Свитшот Lacoste Черный 1900;ж;Черный;1900;XL;Lacoste;Повседневная одежда,Свитеры и кофты,Свитшоты
Свитшот H&M Красный 2600;м;Красный;2600;M;H&M;Повседневная одежда,Свитеры и кофты,Свитшоты
Свитшот Zara Черный 1300;ж;Черный;1300;XL;Zara;Повседневная одежда,Свитеры и кофты,Свитшоты
Свитшот Levi's Голубой 1800;ж;Голубой;1800;XL;Levi's;Повседневная одежда,Свитеры и кофты,Свитшоты
Свитшот Lacoste Синий 1700;м;Синий;1700;S;Lacoste;Повседневная одежда,Свитеры и кофты,Свитшоты
Худи H&M Розовый 1400;м;Розовый;1400;XL;H&M;Повседневная одежда,Свитеры и кофты,Худи
Худи Zara Розовый 2400;м;Розовый;2400;XL;Zara;Повседневная одежда,Свитеры и кофты,Худи
Худи Levi's Черный 2200;ж;Черный;2200;XL;Levi's;Повседневная одежда,Свитеры и кофты,Худи
Худи Lacoste Красный 2800;м;Красный;2800;XXL;Lacoste;Повседневная одежда,Свитеры и кофты,Худи
Худи H&M Голубой 2500;ж;Голубой;2500;S;H&M;Повседневная одежда,Свитеры и кофты,Худи
Худи Zara Серый 2700;ж;Серый;2700;XXL;Zara;Повседневная одежда,Свитеры и кофты,Худи
Худи Levi's Черный 2700;ж;Черный;2700;XL;Levi's;Повседневная одежда,Свитеры и кофты,Худи
Худи Lacoste Красный 2300;м;Красный;2300;XXL;Lacoste;Повседневная одежда,Свитеры и кофты,Худи
Толстовка H&M Красный 1000;ж;Красный;1000;XL;H&M;Повседневная одежда,Свитеры и кофты,Толстовки
Толстовка Zara Розовый 1800;ж;Розовый;1800;XL;Zara;Повседневная одежда,Свитеры и кофты,Толстовки
Толстовка Levi's Серый 1900;ж;Серый;1900;M;Levi's;Повседневная одежда,Свитеры и кофты,Толстовки
Толстовка Lacoste Розовый 1400;ж;Розовый;1400;XL;Lacoste;Повседневная одежда,Свитеры и кофты,Толстовки
Толстовка H&M Синий 2400;ж;Синий;2400;M;H&M;Повседневная одежда,Свитеры и кофты,Толстовки
Толстовка Zara Красный 1100;ж;Красный;1100;XXL;Zara;Повседневная одежда,Свитеры и кофты,Толстовки
Толстовка Levi's Синий 2400;ж;Синий;2400;XXL;Levi's;Повседневная одежда,Свитеры и кофты,Толстовки
Толстовка Lacoste Голубой 2600;ж;Голубой;2600;L;Lacoste;Повседневная одежда,Свитеры и кофты,Толстовки
Футболка H&M Голубой 1600;ж;Голубой;1600;XL;H&M;Повседневная одежда,Футболки
Футболка Zara Синий 2300;ж;Синий;2300;S;Zara;Повседневная одежда,Футболки
Футболка Levi's Красный 1200;м;Красный;1200;S;Levi's;Повседневная одежда,Футболки
Футболка Lacoste Розовый 1400;ж;Розовый;1400;S;Lacoste;Повседневная одежда,Футболки
Футболка H&M Синий 2400;ж;Синий;2400;XXL;H&M;Повседневная одежда,Футболки
Футболка Zara Серый 1900;ж;Серый;1900;XL;Zara;Повседневная одежда,Футболки
Футболка Levi's Белый 1900;м;Белый;1900;XL;Levi's;Повседневная одежда,Футболки
Футболка Lacoste Черный 2000;ж;Черный;2000;XL;Lacoste;Повседневная одежда,Футболки
Лонгслив H&M Синий 1300;м;Синий;1300;S;H&M;Повседневная одежда,Лонгсливы
Лонгслив Zara Синий 1400;ж;Синий;1400;XXL;Zara;Повседневная одежда,Лонгсливы
Лонгслив Levi's Черный 1300;ж;Черный;1300;XXL;Levi's;Повседневная одежда,Лонгсливы
Лонгслив Lacoste Красный 1900;м;Красный;1900;L;Lacoste;Повседневная одежда,Лонгсливы
Лонгслив H&M Красный 1900;ж;Красный;1900;S;H&M;Повседневная одежда,Лонгсливы
Лонгслив Zara Серый 2100;м;Серый;2100;S;Zara;Повседневная одежда,Лонгсливы
Лонгслив Levi's Белый 2600;ж;Белый;2600;M;Levi's;Повседневная одежда,Лонгсливы
Лонгслив Lacoste Серый 1600;м;Серый;1600;L;Lacoste;Повседневная одежда,Лонгсливы
Джинсы H&M Серый 16600;м;Серый;16600;S;H&M;Повседневная одежда,Джинсы
Джинсы Zara Красный 10400;ж;Красный;10400;S;Zara;Повседневная одежда,Джинсы
Джинсы Levi's Серый 7700;ж;Серый;7700;XL;Levi's;Повседневная одежда,Джинсы
Джинсы Lacoste Голубой 3500;м;Голубой;3500;L;Lacoste;Повседневная одежда,Джинсы
Джинсы H&M Красный 11500;м;Красный;11500;S;H&M;Повседневная одежда,Джинсы
Джинсы Zara Голубой 6800;м;Голубой;6800;M;Zara;Повседневная одежда,Джинсы
Джинсы Levi's Серый 15100;ж;Серый;15100;L;Levi's;Повседневная одежда,Джинсы
Джинсы Lacoste Синий 8600;м;Синий;8600;M;Lacoste;Повседневная одежда,Джинсы
Шорты H&M Черный 2900;ж;Черный;2900;XL;H&M;Повседневная одежда,Шорты
Шорты Zara Серый 3900;м;Серый;3900;S;Zara;Повседневная одежда,Шорты
Шорты Levi's Голубой 2900;ж;Голубой;2900;L;Levi's;Повседневная одежда,Шорты
Шорты Lacoste Розовый 2700;ж;Розовый;2700;XXL;Lacoste;Повседневная одежда,Шорты
Шорты H&M Красный 2600;м;Красный;2600;L;H&M;Повседневная одежда,Шорты
Шорты Zara Розовый 3600;ж;Розовый;3600;L;Zara;Повседневная одежда,Шорты
Шорты Levi's Синий 2300;м;Синий;2300;S;Levi's;Повседневная одежда,Шорты
Шорты Lacoste Красный 2500;м;Красный;2500;L;Lacoste;Повседневная одежда,Шорты